intent,user_query,ideal_response,notes,document
eligibility_and_qualifications,Am I eligible for health insurance through my employer?,"Eligibility varies by employment status and coverage category. Based on SECTION_I_EMPLOYEE_HEALTH_BENEFITS, confirm your employee class (e.g., full-time/part-time, title/union where applicable) and any dependent details, and I’ll outline whether you qualify and the next steps.","Ground answers in retrieved policy text; avoid plan-specific numbers unless explicitly present in the retrieved chunk; ask for employee class/plan name/dates when needed; if not supported, provide a safe redirect to HR/plan administrator.",SECTION_I_EMPLOYEE_HEALTH_BENEFITS
eligibility_and_qualifications,Do I qualify for coverage if I work part-time?,"Eligibility varies by employment status and coverage category. Based on SECTION_I_EMPLOYEE_HEALTH_BENEFITS, confirm your employee class (e.g., full-time/part-time, title/union where applicable) and any dependent details, and I’ll outline whether you qualify and the next steps.","Ground answers in retrieved policy text; avoid plan-specific numbers unless explicitly present in the retrieved chunk; ask for employee class/plan name/dates when needed; if not supported, provide a safe redirect to HR/plan administrator.",SECTION_I_EMPLOYEE_HEALTH_BENEFITS
eligibility_and_qualifications,Can I add my spouse or partner to my plan?,"Eligibility varies by employment status and coverage category. Based on SECTION_I_EMPLOYEE_HEALTH_BENEFITS, confirm your employee class (e.g., full-time/part-time, title/union where applicable) and any dependent details, and I’ll outline whether you qualify and the next steps.","Ground answers in retrieved policy text; avoid plan-specific numbers unless explicitly present in the retrieved chunk; ask for employee class/plan name/dates when needed; if not supported, provide a safe redirect to HR/plan administrator.",SECTION_I_EMPLOYEE_HEALTH_BENEFITS
eligibility_and_qualifications,Are children over 18 eligible?,"Eligibility varies by employment status and coverage category. Based on SECTION_I_EMPLOYEE_HEALTH_BENEFITS, confirm your employee class (e.g., full-time/part-time, title/union where applicable) and any dependent details, and I’ll outline whether you qualify and the next steps.","Ground answers in retrieved policy text; avoid plan-specific numbers unless explicitly present in the retrieved chunk; ask for employee class/plan name/dates when needed; if not supported, provide a safe redirect to HR/plan administrator.",SECTION_I_EMPLOYEE_HEALTH_BENEFITS
eligibility_and_qualifications,Can I enroll if I recently changed jobs?,"Eligibility varies by employment status and coverage category. Based on SECTION_I_EMPLOYEE_HEALTH_BENEFITS, confirm your employee class (e.g., full-time/part-time, title/union where applicable) and any dependent details, and I’ll outline whether you qualify and the next steps.","Ground answers in retrieved policy text; avoid plan-specific numbers unless explicitly present in the retrieved chunk; ask for employee class/plan name/dates when needed; if not supported, provide a safe redirect to HR/plan administrator.",SECTION_I_EMPLOYEE_HEALTH_BENEFITS
enrollment_and_required_documents,How do I enroll in my employer’s health plan?,"Enrollment requirements depend on your eligibility and the enrollment window. Per SECTION_I_EMPLOYEE_HEALTH_BENEFITS, share whether this is initial enrollment, open enrollment, or a qualifying life event, and I’ll list the exact documents and submission steps.","Ground answers in retrieved policy text; avoid plan-specific numbers unless explicitly present in the retrieved chunk; ask for employee class/plan name/dates when needed; if not supported, provide a safe redirect to HR/plan administrator.",SECTION_I_EMPLOYEE_HEALTH_BENEFITS
enrollment_and_required_documents,What documents do I need to add my spouse?,"Enrollment requirements depend on your eligibility and the enrollment window. Per SECTION_I_EMPLOYEE_HEALTH_BENEFITS, share whether this is initial enrollment, open enrollment, or a qualifying life event, and I’ll list the exact documents and submission steps.","Ground answers in retrieved policy text; avoid plan-specific numbers unless explicitly present in the retrieved chunk; ask for employee class/plan name/dates when needed; if not supported, provide a safe redirect to HR/plan administrator.",SECTION_I_EMPLOYEE_HEALTH_BENEFITS
enrollment_and_required_documents,When is the deadline to submit my enrollment application?,"Enrollment requirements depend on your eligibility and the enrollment window. Per SECTION_I_EMPLOYEE_HEALTH_BENEFITS, share whether this is initial enrollment, open enrollment, or a qualifying life event, and I’ll list the exact documents and submission steps.","Ground answers in retrieved policy text; avoid plan-specific numbers unless explicitly present in the retrieved chunk; ask for employee class/plan name/dates when needed; if not supported, provide a safe redirect to HR/plan administrator.",SECTION_I_EMPLOYEE_HEALTH_BENEFITS
enrollment_and_required_documents,I missed the enrollment window—what are my options?,"Enrollment requirements depend on your eligibility and the enrollment window. Per SECTION_I_EMPLOYEE_HEALTH_BENEFITS, share whether this is initial enrollment, open enrollment, or a qualifying life event, and I’ll list the exact documents and submission steps.","Ground answers in retrieved policy text; avoid plan-specific numbers unless explicitly present in the retrieved chunk; ask for employee class/plan name/dates when needed; if not supported, provide a safe redirect to HR/plan administrator.",SECTION_I_EMPLOYEE_HEALTH_BENEFITS
enrollment_and_required_documents,How do I submit proof for dependents?,"Enrollment requirements depend on your eligibility and the enrollment window. Per SECTION_I_EMPLOYEE_HEALTH_BENEFITS, share whether this is initial enrollment, open enrollment, or a qualifying life event, and I’ll list the exact documents and submission steps.","Ground answers in retrieved policy text; avoid plan-specific numbers unless explicitly present in the retrieved chunk; ask for employee class/plan name/dates when needed; if not supported, provide a safe redirect to HR/plan administrator.",SECTION_I_EMPLOYEE_HEALTH_BENEFITS
plan_options_and_comparison,What health plans are available to me?,"Plan choices differ by employee group and enrollment status. Using SECTION_VII_Health_Plans_Overview_and_SBC_Details&Glossary, I can summarize available plan types and compare trade-offs (premium vs. network vs. cost-sharing). Tell me what matters most (lowest premium, widest network, low copays, etc.).","Ground answers in retrieved policy text; avoid plan-specific numbers unless explicitly present in the retrieved chunk; ask for employee class/plan name/dates when needed; if not supported, provide a safe redirect to HR/plan administrator.",SECTION_VII_Health_Plans_Overview_and_SBC_Details&Glossary
plan_options_and_comparison,"What’s the difference between HMO, PPO, and EPO?","Plan choices differ by employee group and enrollment status. Using SECTION_VII_Health_Plans_Overview_and_SBC_Details&Glossary, I can summarize available plan types and compare trade-offs (premium vs. network vs. cost-sharing). Tell me what matters most (lowest premium, widest network, low copays, etc.).","Ground answers in retrieved policy text; avoid plan-specific numbers unless explicitly present in the retrieved chunk; ask for employee class/plan name/dates when needed; if not supported, provide a safe redirect to HR/plan administrator.",SECTION_VII_Health_Plans_Overview_and_SBC_Details&Glossary
plan_options_and_comparison,Which plans have the lowest copays?,"Plan choices differ by employee group and enrollment status. Using SECTION_VII_Health_Plans_Overview_and_SBC_Details&Glossary, I can summarize available plan types and compare trade-offs (premium vs. network vs. cost-sharing). Tell me what matters most (lowest premium, widest network, low copays, etc.).","Ground answers in retrieved policy text; avoid plan-specific numbers unless explicitly present in the retrieved chunk; ask for employee class/plan name/dates when needed; if not supported, provide a safe redirect to HR/plan administrator.",SECTION_VII_Health_Plans_Overview_and_SBC_Details&Glossary
plan_options_and_comparison,Which plan covers out-of-network doctors?,"Plan choices differ by employee group and enrollment status. Using SECTION_VII_Health_Plans_Overview_and_SBC_Details&Glossary, I can summarize available plan types and compare trade-offs (premium vs. network vs. cost-sharing). Tell me what matters most (lowest premium, widest network, low copays, etc.).","Ground answers in retrieved policy text; avoid plan-specific numbers unless explicitly present in the retrieved chunk; ask for employee class/plan name/dates when needed; if not supported, provide a safe redirect to HR/plan administrator.",SECTION_VII_Health_Plans_Overview_and_SBC_Details&Glossary
plan_options_and_comparison,Does any plan offer nationwide coverage?,"Plan choices differ by employee group and enrollment status. Using SECTION_VII_Health_Plans_Overview_and_SBC_Details&Glossary, I can summarize available plan types and compare trade-offs (premium vs. network vs. cost-sharing). Tell me what matters most (lowest premium, widest network, low copays, etc.).","Ground answers in retrieved policy text; avoid plan-specific numbers unless explicitly present in the retrieved chunk; ask for employee class/plan name/dates when needed; if not supported, provide a safe redirect to HR/plan administrator.",SECTION_VII_Health_Plans_Overview_and_SBC_Details&Glossary
coverage_and_benefits_overview,What does my insurance cover for a specialist visit?,"Coverage details are plan-specific and vary by benefit category. Referencing SECTION_VII_Health_Plans_Overview_and_SBC_Details&Glossary, tell me the service you’re asking about (primary care, specialist, ER, mental health, etc.) and whether it’s in-network, and I’ll summarize what’s covered at a high level.","Ground answers in retrieved policy text; avoid plan-specific numbers unless explicitly present in the retrieved chunk; ask for employee class/plan name/dates when needed; if not supported, provide a safe redirect to HR/plan administrator.",SECTION_VII_Health_Plans_Overview_and_SBC_Details&Glossary
coverage_and_benefits_overview,Is preventive care free under my plan?,"Coverage details are plan-specific and vary by benefit category. Referencing SECTION_VII_Health_Plans_Overview_and_SBC_Details&Glossary, tell me the service you’re asking about (primary care, specialist, ER, mental health, etc.) and whether it’s in-network, and I’ll summarize what’s covered at a high level.","Ground answers in retrieved policy text; avoid plan-specific numbers unless explicitly present in the retrieved chunk; ask for employee class/plan name/dates when needed; if not supported, provide a safe redirect to HR/plan administrator.",SECTION_VII_Health_Plans_Overview_and_SBC_Details&Glossary
coverage_and_benefits_overview,Are mental health services covered?,"Coverage details are plan-specific and vary by benefit category. Referencing SECTION_VII_Health_Plans_Overview_and_SBC_Details&Glossary, tell me the service you’re asking about (primary care, specialist, ER, mental health, etc.) and whether it’s in-network, and I’ll summarize what’s covered at a high level.","Ground answers in retrieved policy text; avoid plan-specific numbers unless explicitly present in the retrieved chunk; ask for employee class/plan name/dates when needed; if not supported, provide a safe redirect to HR/plan administrator.",SECTION_VII_Health_Plans_Overview_and_SBC_Details&Glossary
coverage_and_benefits_overview,Does my plan include dental or vision benefits?,"Coverage details are plan-specific and vary by benefit category. Referencing SECTION_VII_Health_Plans_Overview_and_SBC_Details&Glossary, tell me the service you’re asking about (primary care, specialist, ER, mental health, etc.) and whether it’s in-network, and I’ll summarize what’s covered at a high level.","Ground answers in retrieved policy text; avoid plan-specific numbers unless explicitly present in the retrieved chunk; ask for employee class/plan name/dates when needed; if not supported, provide a safe redirect to HR/plan administrator.",SECTION_VII_Health_Plans_Overview_and_SBC_Details&Glossary
coverage_and_benefits_overview,Is urgent care covered differently than ER visits?,"Coverage details are plan-specific and vary by benefit category. Referencing SECTION_VII_Health_Plans_Overview_and_SBC_Details&Glossary, tell me the service you’re asking about (primary care, specialist, ER, mental health, etc.) and whether it’s in-network, and I’ll summarize what’s covered at a high level.","Ground answers in retrieved policy text; avoid plan-specific numbers unless explicitly present in the retrieved chunk; ask for employee class/plan name/dates when needed; if not supported, provide a safe redirect to HR/plan administrator.",SECTION_VII_Health_Plans_Overview_and_SBC_Details&Glossary
coverage_and_benefits_overview,Are lab tests and imaging covered?,"Coverage details are plan-specific and vary by benefit category. Referencing SECTION_VII_Health_Plans_Overview_and_SBC_Details&Glossary, tell me the service you’re asking about (primary care, specialist, ER, mental health, etc.) and whether it’s in-network, and I’ll summarize what’s covered at a high level.","Ground answers in retrieved policy text; avoid plan-specific numbers unless explicitly present in the retrieved chunk; ask for employee class/plan name/dates when needed; if not supported, provide a safe redirect to HR/plan administrator.",SECTION_VII_Health_Plans_Overview_and_SBC_Details&Glossary
cost_sharing_copays_deductibles_oop_max,What is my deductible for the year?,"Copays, deductibles, and out-of-pocket maximums vary by plan and service type. Per SECTION_VII_Health_Plans_Overview_and_SBC_Details&Glossary, share your plan name (or the options you’re considering) and the service (office visit, imaging, ER, etc.) so I can explain the applicable cost-sharing conceptually and where to verify exact amounts.","Ground answers in retrieved policy text; avoid plan-specific numbers unless explicitly present in the retrieved chunk; ask for employee class/plan name/dates when needed; if not supported, provide a safe redirect to HR/plan administrator.",SECTION_VII_Health_Plans_Overview_and_SBC_Details&Glossary
cost_sharing_copays_deductibles_oop_max,How much is the copay for primary care visits?,"Copays, deductibles, and out-of-pocket maximums vary by plan and service type. Per SECTION_VII_Health_Plans_Overview_and_SBC_Details&Glossary, share your plan name (or the options you’re considering) and the service (office visit, imaging, ER, etc.) so I can explain the applicable cost-sharing conceptually and where to verify exact amounts.","Ground answers in retrieved policy text; avoid plan-specific numbers unless explicitly present in the retrieved chunk; ask for employee class/plan name/dates when needed; if not supported, provide a safe redirect to HR/plan administrator.",SECTION_VII_Health_Plans_Overview_and_SBC_Details&Glossary
cost_sharing_copays_deductibles_oop_max,Do I have coinsurance for hospital stays?,"Copays, deductibles, and out-of-pocket maximums vary by plan and service type. Per SECTION_VII_Health_Plans_Overview_and_SBC_Details&Glossary, share your plan name (or the options you’re considering) and the service (office visit, imaging, ER, etc.) so I can explain the applicable cost-sharing conceptually and where to verify exact amounts.","Ground answers in retrieved policy text; avoid plan-specific numbers unless explicitly present in the retrieved chunk; ask for employee class/plan name/dates when needed; if not supported, provide a safe redirect to HR/plan administrator.",SECTION_VII_Health_Plans_Overview_and_SBC_Details&Glossary
cost_sharing_copays_deductibles_oop_max,What is my out-of-pocket maximum?,"Copays, deductibles, and out-of-pocket maximums vary by plan and service type. Per SECTION_VII_Health_Plans_Overview_and_SBC_Details&Glossary, share your plan name (or the options you’re considering) and the service (office visit, imaging, ER, etc.) so I can explain the applicable cost-sharing conceptually and where to verify exact amounts.","Ground answers in retrieved policy text; avoid plan-specific numbers unless explicitly present in the retrieved chunk; ask for employee class/plan name/dates when needed; if not supported, provide a safe redirect to HR/plan administrator.",SECTION_VII_Health_Plans_Overview_and_SBC_Details&Glossary
cost_sharing_copays_deductibles_oop_max,How much will I pay for an ER visit?,"Copays, deductibles, and out-of-pocket maximums vary by plan and service type. Per SECTION_VII_Health_Plans_Overview_and_SBC_Details&Glossary, share your plan name (or the options you’re considering) and the service (office visit, imaging, ER, etc.) so I can explain the applicable cost-sharing conceptually and where to verify exact amounts.","Ground answers in retrieved policy text; avoid plan-specific numbers unless explicitly present in the retrieved chunk; ask for employee class/plan name/dates when needed; if not supported, provide a safe redirect to HR/plan administrator.",SECTION_VII_Health_Plans_Overview_and_SBC_Details&Glossary
provider_and_network_search,How do I find an in-network doctor?,"Network participation changes by plan and provider. Using SECTION_VII_Health_Plans_Overview_and_SBC_Details&Glossary, tell me your plan/network and the provider name or specialty + ZIP code; I’ll explain the recommended way to confirm in-network status and what to do if a provider is out-of-network.","Ground answers in retrieved policy text; avoid plan-specific numbers unless explicitly present in the retrieved chunk; ask for employee class/plan name/dates when needed; if not supported, provide a safe redirect to HR/plan administrator.",SECTION_VII_Health_Plans_Overview_and_SBC_Details&Glossary
provider_and_network_search,Is my current doctor covered under this plan?,"Network participation changes by plan and provider. Using SECTION_VII_Health_Plans_Overview_and_SBC_Details&Glossary, tell me your plan/network and the provider name or specialty + ZIP code; I’ll explain the recommended way to confirm in-network status and what to do if a provider is out-of-network.","Ground answers in retrieved policy text; avoid plan-specific numbers unless explicitly present in the retrieved chunk; ask for employee class/plan name/dates when needed; if not supported, provide a safe redirect to HR/plan administrator.",SECTION_VII_Health_Plans_Overview_and_SBC_Details&Glossary
provider_and_network_search,Are my medications covered by my plan’s formulary?,"Network participation changes by plan and provider. Using SECTION_VII_Health_Plans_Overview_and_SBC_Details&Glossary, tell me your plan/network and the provider name or specialty + ZIP code; I’ll explain the recommended way to confirm in-network status and what to do if a provider is out-of-network.","Ground answers in retrieved policy text; avoid plan-specific numbers unless explicitly present in the retrieved chunk; ask for employee class/plan name/dates when needed; if not supported, provide a safe redirect to HR/plan administrator.",SECTION_VII_Health_Plans_Overview_and_SBC_Details&Glossary
provider_and_network_search,Which hospitals are in-network?,"Network participation changes by plan and provider. Using SECTION_VII_Health_Plans_Overview_and_SBC_Details&Glossary, tell me your plan/network and the provider name or specialty + ZIP code; I’ll explain the recommended way to confirm in-network status and what to do if a provider is out-of-network.","Ground answers in retrieved policy text; avoid plan-specific numbers unless explicitly present in the retrieved chunk; ask for employee class/plan name/dates when needed; if not supported, provide a safe redirect to HR/plan administrator.",SECTION_VII_Health_Plans_Overview_and_SBC_Details&Glossary
claims_eobs_and_billing_issues,How do I check the status of a claim?,"Billing and claims issues typically require the claim date, provider, and the EOB reason/remark codes. Based on SECTION_VI_Surprise_Billing_and_Additional_Provisions, share what you’re seeing on the bill/EOB (denial reason, balance billing, duplicate charge, etc.) and I’ll outline the standard troubleshooting and escalation steps.","Ground answers in retrieved policy text; avoid plan-specific numbers unless explicitly present in the retrieved chunk; ask for employee class/plan name/dates when needed; if not supported, provide a safe redirect to HR/plan administrator.",SECTION_VI_Surprise_Billing_and_Additional_Provisions
claims_eobs_and_billing_issues,Why was my claim denied?,"Billing and claims issues typically require the claim date, provider, and the EOB reason/remark codes. Based on SECTION_VI_Surprise_Billing_and_Additional_Provisions, share what you’re seeing on the bill/EOB (denial reason, balance billing, duplicate charge, etc.) and I’ll outline the standard troubleshooting and escalation steps.","Ground answers in retrieved policy text; avoid plan-specific numbers unless explicitly present in the retrieved chunk; ask for employee class/plan name/dates when needed; if not supported, provide a safe redirect to HR/plan administrator.",SECTION_VI_Surprise_Billing_and_Additional_Provisions
claims_eobs_and_billing_issues,What is an Explanation of Benefits (EOB)?,"Billing and claims issues typically require the claim date, provider, and the EOB reason/remark codes. Based on SECTION_VI_Surprise_Billing_and_Additional_Provisions, share what you’re seeing on the bill/EOB (denial reason, balance billing, duplicate charge, etc.) and I’ll outline the standard troubleshooting and escalation steps.","Ground answers in retrieved policy text; avoid plan-specific numbers unless explicitly present in the retrieved chunk; ask for employee class/plan name/dates when needed; if not supported, provide a safe redirect to HR/plan administrator.",SECTION_VI_Surprise_Billing_and_Additional_Provisions
claims_eobs_and_billing_issues,How do I dispute a claim payment?,"Billing and claims issues typically require the claim date, provider, and the EOB reason/remark codes. Based on SECTION_VI_Surprise_Billing_and_Additional_Provisions, share what you’re seeing on the bill/EOB (denial reason, balance billing, duplicate charge, etc.) and I’ll outline the standard troubleshooting and escalation steps.","Ground answers in retrieved policy text; avoid plan-specific numbers unless explicitly present in the retrieved chunk; ask for employee class/plan name/dates when needed; if not supported, provide a safe redirect to HR/plan administrator.",SECTION_VI_Surprise_Billing_and_Additional_Provisions
claims_eobs_and_billing_issues,Why did I get a bill if I have insurance?,"Billing and claims issues typically require the claim date, provider, and the EOB reason/remark codes. Based on SECTION_VI_Surprise_Billing_and_Additional_Provisions, share what you’re seeing on the bill/EOB (denial reason, balance billing, duplicate charge, etc.) and I’ll outline the standard troubleshooting and escalation steps.","Ground answers in retrieved policy text; avoid plan-specific numbers unless explicitly present in the retrieved chunk; ask for employee class/plan name/dates when needed; if not supported, provide a safe redirect to HR/plan administrator.",SECTION_VI_Surprise_Billing_and_Additional_Provisions
life_events_and_dependent_changes,How do I add a newborn to my plan?,"Adding/removing dependents and mid-year changes depend on qualifying life events and deadlines. Per SECTION_I_EMPLOYEE_HEALTH_BENEFITS, tell me what changed (marriage, birth, loss of coverage, etc.) and the effective date, and I’ll outline eligibility impact, required proof, and timelines.","Ground answers in retrieved policy text; avoid plan-specific numbers unless explicitly present in the retrieved chunk; ask for employee class/plan name/dates when needed; if not supported, provide a safe redirect to HR/plan administrator.",SECTION_I_EMPLOYEE_HEALTH_BENEFITS
life_events_and_dependent_changes,My child turned 26—what happens to their coverage?,"Adding/removing dependents and mid-year changes depend on qualifying life events and deadlines. Per SECTION_I_EMPLOYEE_HEALTH_BENEFITS, tell me what changed (marriage, birth, loss of coverage, etc.) and the effective date, and I’ll outline eligibility impact, required proof, and timelines.","Ground answers in retrieved policy text; avoid plan-specific numbers unless explicitly present in the retrieved chunk; ask for employee class/plan name/dates when needed; if not supported, provide a safe redirect to HR/plan administrator.",SECTION_I_EMPLOYEE_HEALTH_BENEFITS
life_events_and_dependent_changes,How do I remove a dependent after divorce?,"Adding/removing dependents and mid-year changes depend on qualifying life events and deadlines. Per SECTION_I_EMPLOYEE_HEALTH_BENEFITS, tell me what changed (marriage, birth, loss of coverage, etc.) and the effective date, and I’ll outline eligibility impact, required proof, and timelines.","Ground answers in retrieved policy text; avoid plan-specific numbers unless explicitly present in the retrieved chunk; ask for employee class/plan name/dates when needed; if not supported, provide a safe redirect to HR/plan administrator.",SECTION_I_EMPLOYEE_HEALTH_BENEFITS
life_events_and_dependent_changes,Can I update coverage after moving to a new state?,"Adding/removing dependents and mid-year changes depend on qualifying life events and deadlines. Per SECTION_I_EMPLOYEE_HEALTH_BENEFITS, tell me what changed (marriage, birth, loss of coverage, etc.) and the effective date, and I’ll outline eligibility impact, required proof, and timelines.","Ground answers in retrieved policy text; avoid plan-specific numbers unless explicitly present in the retrieved chunk; ask for employee class/plan name/dates when needed; if not supported, provide a safe redirect to HR/plan administrator.",SECTION_I_EMPLOYEE_HEALTH_BENEFITS
prior_authorization_and_pre_approvals,Do I need prior authorization for surgery?,"Some services require prior authorization to be covered. Using SECTION_VII_Health_Plans_Overview_and_SBC_Details&Glossary, tell me the service/procedure and whether it’s elective/urgent, and I’ll explain when pre-approval applies and what information your provider typically submits.","Ground answers in retrieved policy text; avoid plan-specific numbers unless explicitly present in the retrieved chunk; ask for employee class/plan name/dates when needed; if not supported, provide a safe redirect to HR/plan administrator.",SECTION_VII_Health_Plans_Overview_and_SBC_Details&Glossary
prior_authorization_and_pre_approvals,How do I request pre-approval for an MRI?,"Some services require prior authorization to be covered. Using SECTION_VII_Health_Plans_Overview_and_SBC_Details&Glossary, tell me the service/procedure and whether it’s elective/urgent, and I’ll explain when pre-approval applies and what information your provider typically submits.","Ground answers in retrieved policy text; avoid plan-specific numbers unless explicitly present in the retrieved chunk; ask for employee class/plan name/dates when needed; if not supported, provide a safe redirect to HR/plan administrator.",SECTION_VII_Health_Plans_Overview_and_SBC_Details&Glossary
prior_authorization_and_pre_approvals,Why was my prior auth request denied?,"Some services require prior authorization to be covered. Using SECTION_VII_Health_Plans_Overview_and_SBC_Details&Glossary, tell me the service/procedure and whether it’s elective/urgent, and I’ll explain when pre-approval applies and what information your provider typically submits.","Ground answers in retrieved policy text; avoid plan-specific numbers unless explicitly present in the retrieved chunk; ask for employee class/plan name/dates when needed; if not supported, provide a safe redirect to HR/plan administrator.",SECTION_VII_Health_Plans_Overview_and_SBC_Details&Glossary
prior_authorization_and_pre_approvals,What services require authorization?,"Some services require prior authorization to be covered. Using SECTION_VII_Health_Plans_Overview_and_SBC_Details&Glossary, tell me the service/procedure and whether it’s elective/urgent, and I’ll explain when pre-approval applies and what information your provider typically submits.","Ground answers in retrieved policy text; avoid plan-specific numbers unless explicitly present in the retrieved chunk; ask for employee class/plan name/dates when needed; if not supported, provide a safe redirect to HR/plan administrator.",SECTION_VII_Health_Plans_Overview_and_SBC_Details&Glossary
pharmacy_and_prescription_coverage,Are my current medications covered?,"Prescription coverage depends on the formulary, tiering, and whether the drug is generic/brand/specialty. Referencing SECTION_VIII_PICA_Prescription_and_senior_benefits, share the medication name, dosage, and whether you’re using mail order or retail, and I’ll explain how coverage and cost-sharing are usually determined.","Ground answers in retrieved policy text; avoid plan-specific numbers unless explicitly present in the retrieved chunk; ask for employee class/plan name/dates when needed; if not supported, provide a safe redirect to HR/plan administrator.",SECTION_VIII_PICA_Prescription_and_senior_benefits
pharmacy_and_prescription_coverage,What is the copay for generic vs. brand names?,"Prescription coverage depends on the formulary, tiering, and whether the drug is generic/brand/specialty. Referencing SECTION_VIII_PICA_Prescription_and_senior_benefits, share the medication name, dosage, and whether you’re using mail order or retail, and I’ll explain how coverage and cost-sharing are usually determined.","Ground answers in retrieved policy text; avoid plan-specific numbers unless explicitly present in the retrieved chunk; ask for employee class/plan name/dates when needed; if not supported, provide a safe redirect to HR/plan administrator.",SECTION_VIII_PICA_Prescription_and_senior_benefits
pharmacy_and_prescription_coverage,How do I request a prescription refill?,"Prescription coverage depends on the formulary, tiering, and whether the drug is generic/brand/specialty. Referencing SECTION_VIII_PICA_Prescription_and_senior_benefits, share the medication name, dosage, and whether you’re using mail order or retail, and I’ll explain how coverage and cost-sharing are usually determined.","Ground answers in retrieved policy text; avoid plan-specific numbers unless explicitly present in the retrieved chunk; ask for employee class/plan name/dates when needed; if not supported, provide a safe redirect to HR/plan administrator.",SECTION_VIII_PICA_Prescription_and_senior_benefits
pharmacy_and_prescription_coverage,Does my plan cover specialty medications?,"Prescription coverage depends on the formulary, tiering, and whether the drug is generic/brand/specialty. Referencing SECTION_VIII_PICA_Prescription_and_senior_benefits, share the medication name, dosage, and whether you’re using mail order or retail, and I’ll explain how coverage and cost-sharing are usually determined.","Ground answers in retrieved policy text; avoid plan-specific numbers unless explicitly present in the retrieved chunk; ask for employee class/plan name/dates when needed; if not supported, provide a safe redirect to HR/plan administrator.",SECTION_VIII_PICA_Prescription_and_senior_benefits
pharmacy_and_prescription_coverage,Is mail-order pharmacy available?,"Prescription coverage depends on the formulary, tiering, and whether the drug is generic/brand/specialty. Referencing SECTION_VIII_PICA_Prescription_and_senior_benefits, share the medication name, dosage, and whether you’re using mail order or retail, and I’ll explain how coverage and cost-sharing are usually determined.","Ground answers in retrieved policy text; avoid plan-specific numbers unless explicitly present in the retrieved chunk; ask for employee class/plan name/dates when needed; if not supported, provide a safe redirect to HR/plan administrator.",SECTION_VIII_PICA_Prescription_and_senior_benefits
retiree_coverage_and_medicare_coordination,What health coverage do I have after I retire from City service?,"Retiree benefits and Medicare coordination depend on Medicare eligibility and plan design. Per SECTION_II_RETIREE_HEALTH_BENEFITS, confirm whether you’re Medicare-eligible (Part A/B) and your current coverage, and I’ll summarize coordination basics and common action items.","Ground answers in retrieved policy text; avoid plan-specific numbers unless explicitly present in the retrieved chunk; ask for employee class/plan name/dates when needed; if not supported, provide a safe redirect to HR/plan administrator.",SECTION_II_RETIREE_HEALTH_BENEFITS
retiree_coverage_and_medicare_coordination,How does my retiree plan work with Medicare when I turn 65?,"Retiree benefits and Medicare coordination depend on Medicare eligibility and plan design. Per SECTION_II_RETIREE_HEALTH_BENEFITS, confirm whether you’re Medicare-eligible (Part A/B) and your current coverage, and I’ll summarize coordination basics and common action items.","Ground answers in retrieved policy text; avoid plan-specific numbers unless explicitly present in the retrieved chunk; ask for employee class/plan name/dates when needed; if not supported, provide a safe redirect to HR/plan administrator.",SECTION_II_RETIREE_HEALTH_BENEFITS
retiree_coverage_and_medicare_coordination,Do my dependents stay covered when I retire?,"Retiree benefits and Medicare coordination depend on Medicare eligibility and plan design. Per SECTION_II_RETIREE_HEALTH_BENEFITS, confirm whether you’re Medicare-eligible (Part A/B) and your current coverage, and I’ll summarize coordination basics and common action items.","Ground answers in retrieved policy text; avoid plan-specific numbers unless explicitly present in the retrieved chunk; ask for employee class/plan name/dates when needed; if not supported, provide a safe redirect to HR/plan administrator.",SECTION_II_RETIREE_HEALTH_BENEFITS
retiree_coverage_and_medicare_coordination,Do I need to enroll in Medicare Part B to keep my retiree health benefits?,"Retiree benefits and Medicare coordination depend on Medicare eligibility and plan design. Per SECTION_II_RETIREE_HEALTH_BENEFITS, confirm whether you’re Medicare-eligible (Part A/B) and your current coverage, and I’ll summarize coordination basics and common action items.","Ground answers in retrieved policy text; avoid plan-specific numbers unless explicitly present in the retrieved chunk; ask for employee class/plan name/dates when needed; if not supported, provide a safe redirect to HR/plan administrator.",SECTION_II_RETIREE_HEALTH_BENEFITS
cobra_continuation_and_qualifying_events,What is COBRA continuation coverage and when does it apply?,"COBRA continuation has specific qualifying events, election timelines, and premium responsibilities. Using SECTION_III_COBRA_Continuity_and_Qualifying_Events, tell me the qualifying event and date, and I’ll outline the election window, how coverage continues, and the key forms/process steps.","Ground answers in retrieved policy text; avoid plan-specific numbers unless explicitly present in the retrieved chunk; ask for employee class/plan name/dates when needed; if not supported, provide a safe redirect to HR/plan administrator.",SECTION_III_COBRA_Continuity_and_Qualifying_Events
cobra_continuation_and_qualifying_events,Which life events make me eligible for COBRA continuation coverage?,"COBRA continuation has specific qualifying events, election timelines, and premium responsibilities. Using SECTION_III_COBRA_Continuity_and_Qualifying_Events, tell me the qualifying event and date, and I’ll outline the election window, how coverage continues, and the key forms/process steps.","Ground answers in retrieved policy text; avoid plan-specific numbers unless explicitly present in the retrieved chunk; ask for employee class/plan name/dates when needed; if not supported, provide a safe redirect to HR/plan administrator.",SECTION_III_COBRA_Continuity_and_Qualifying_Events
cobra_continuation_and_qualifying_events,How long can I keep COBRA coverage after leaving my job?,"COBRA continuation has specific qualifying events, election timelines, and premium responsibilities. Using SECTION_III_COBRA_Continuity_and_Qualifying_Events, tell me the qualifying event and date, and I’ll outline the election window, how coverage continues, and the key forms/process steps.","Ground answers in retrieved policy text; avoid plan-specific numbers unless explicitly present in the retrieved chunk; ask for employee class/plan name/dates when needed; if not supported, provide a safe redirect to HR/plan administrator.",SECTION_III_COBRA_Continuity_and_Qualifying_Events
cobra_continuation_and_qualifying_events,How much time do I have to elect COBRA after losing coverage?,"COBRA continuation has specific qualifying events, election timelines, and premium responsibilities. Using SECTION_III_COBRA_Continuity_and_Qualifying_Events, tell me the qualifying event and date, and I’ll outline the election window, how coverage continues, and the key forms/process steps.","Ground answers in retrieved policy text; avoid plan-specific numbers unless explicitly present in the retrieved chunk; ask for employee class/plan name/dates when needed; if not supported, provide a safe redirect to HR/plan administrator.",SECTION_III_COBRA_Continuity_and_Qualifying_Events
hipaa_special_enrollment_events,Can I enroll mid-year if I lose other health coverage?,"HIPAA special enrollment rules apply for specific life events and loss of other coverage, with strict deadlines. Based on SECTION_IV_SPECIAL_ENROLLMENT_PROVISION, share the event type and date, and I’ll explain eligibility, timing, and documentation to enroll or change coverage.","Ground answers in retrieved policy text; avoid plan-specific numbers unless explicitly present in the retrieved chunk; ask for employee class/plan name/dates when needed; if not supported, provide a safe redirect to HR/plan administrator.",SECTION_IV_SPECIAL_ENROLLMENT_PROVISION
hipaa_special_enrollment_events,Can I add my family if I gain a new dependent like a baby or spouse?,"HIPAA special enrollment rules apply for specific life events and loss of other coverage, with strict deadlines. Based on SECTION_IV_SPECIAL_ENROLLMENT_PROVISION, share the event type and date, and I’ll explain eligibility, timing, and documentation to enroll or change coverage.","Ground answers in retrieved policy text; avoid plan-specific numbers unless explicitly present in the retrieved chunk; ask for employee class/plan name/dates when needed; if not supported, provide a safe redirect to HR/plan administrator.",SECTION_IV_SPECIAL_ENROLLMENT_PROVISION
hipaa_special_enrollment_events,What is a special enrollment right under HIPAA?,"HIPAA special enrollment rules apply for specific life events and loss of other coverage, with strict deadlines. Based on SECTION_IV_SPECIAL_ENROLLMENT_PROVISION, share the event type and date, and I’ll explain eligibility, timing, and documentation to enroll or change coverage.","Ground answers in retrieved policy text; avoid plan-specific numbers unless explicitly present in the retrieved chunk; ask for employee class/plan name/dates when needed; if not supported, provide a safe redirect to HR/plan administrator.",SECTION_IV_SPECIAL_ENROLLMENT_PROVISION
hipaa_special_enrollment_events,When will my coverage start if I enroll due to a special enrollment event?,"HIPAA special enrollment rules apply for specific life events and loss of other coverage, with strict deadlines. Based on SECTION_IV_SPECIAL_ENROLLMENT_PROVISION, share the event type and date, and I’ll explain eligibility, timing, and documentation to enroll or change coverage.","Ground answers in retrieved policy text; avoid plan-specific numbers unless explicitly present in the retrieved chunk; ask for employee class/plan name/dates when needed; if not supported, provide a safe redirect to HR/plan administrator.",SECTION_IV_SPECIAL_ENROLLMENT_PROVISION
transgender_and_gender_affirming_care,Does my plan cover gender-affirming surgery or procedures?,"Coverage for gender-affirming care is governed by medical necessity standards and plan rules. Referencing SECTION_V_Transgender_Care_and_Medical_Benefit_Standards, tell me the service type (hormone therapy, surgery, counseling, etc.) and whether prior authorization is involved, and I’ll summarize the policy-aligned pathway without speculating beyond the document.","Ground answers in retrieved policy text; avoid plan-specific numbers unless explicitly present in the retrieved chunk; ask for employee class/plan name/dates when needed; if not supported, provide a safe redirect to HR/plan administrator.",SECTION_V_Transgender_Care_and_Medical_Benefit_Standards
transgender_and_gender_affirming_care,Are hormone therapies for gender transition covered under this plan?,"Coverage for gender-affirming care is governed by medical necessity standards and plan rules. Referencing SECTION_V_Transgender_Care_and_Medical_Benefit_Standards, tell me the service type (hormone therapy, surgery, counseling, etc.) and whether prior authorization is involved, and I’ll summarize the policy-aligned pathway without speculating beyond the document.","Ground answers in retrieved policy text; avoid plan-specific numbers unless explicitly present in the retrieved chunk; ask for employee class/plan name/dates when needed; if not supported, provide a safe redirect to HR/plan administrator.",SECTION_V_Transgender_Care_and_Medical_Benefit_Standards
transgender_and_gender_affirming_care,Are there any exclusions for transgender-related care in my benefits?,"Coverage for gender-affirming care is governed by medical necessity standards and plan rules. Referencing SECTION_V_Transgender_Care_and_Medical_Benefit_Standards, tell me the service type (hormone therapy, surgery, counseling, etc.) and whether prior authorization is involved, and I’ll summarize the policy-aligned pathway without speculating beyond the document.","Ground answers in retrieved policy text; avoid plan-specific numbers unless explicitly present in the retrieved chunk; ask for employee class/plan name/dates when needed; if not supported, provide a safe redirect to HR/plan administrator.",SECTION_V_Transgender_Care_and_Medical_Benefit_Standards
transgender_and_gender_affirming_care,Do I need prior authorization for gender-affirming treatments?,"Coverage for gender-affirming care is governed by medical necessity standards and plan rules. Referencing SECTION_V_Transgender_Care_and_Medical_Benefit_Standards, tell me the service type (hormone therapy, surgery, counseling, etc.) and whether prior authorization is involved, and I’ll summarize the policy-aligned pathway without speculating beyond the document.","Ground answers in retrieved policy text; avoid plan-specific numbers unless explicitly present in the retrieved chunk; ask for employee class/plan name/dates when needed; if not supported, provide a safe redirect to HR/plan administrator.",SECTION_V_Transgender_Care_and_Medical_Benefit_Standards
surprise_billing_and_out_of_network_protections,What protections do I have against surprise medical bills?,"Out-of-network protections and surprise billing rules depend on the setting of care and notice/consent requirements. Using SECTION_VI_Surprise_Billing_and_Additional_Provisions, share where you received care (ER, hospital, ambulatory center) and what the bill says, and I’ll outline the protections and dispute steps at a high level.","Ground answers in retrieved policy text; avoid plan-specific numbers unless explicitly present in the retrieved chunk; ask for employee class/plan name/dates when needed; if not supported, provide a safe redirect to HR/plan administrator.",SECTION_VI_Surprise_Billing_and_Additional_Provisions
surprise_billing_and_out_of_network_protections,How are emergency out-of-network bills handled under my plan?,"Out-of-network protections and surprise billing rules depend on the setting of care and notice/consent requirements. Using SECTION_VI_Surprise_Billing_and_Additional_Provisions, share where you received care (ER, hospital, ambulatory center) and what the bill says, and I’ll outline the protections and dispute steps at a high level.","Ground answers in retrieved policy text; avoid plan-specific numbers unless explicitly present in the retrieved chunk; ask for employee class/plan name/dates when needed; if not supported, provide a safe redirect to HR/plan administrator.",SECTION_VI_Surprise_Billing_and_Additional_Provisions
surprise_billing_and_out_of_network_protections,What happens if I am treated by an out-of-network doctor at an in-network hospital?,"Out-of-network protections and surprise billing rules depend on the setting of care and notice/consent requirements. Using SECTION_VI_Surprise_Billing_and_Additional_Provisions, share where you received care (ER, hospital, ambulatory center) and what the bill says, and I’ll outline the protections and dispute steps at a high level.","Ground answers in retrieved policy text; avoid plan-specific numbers unless explicitly present in the retrieved chunk; ask for employee class/plan name/dates when needed; if not supported, provide a safe redirect to HR/plan administrator.",SECTION_VI_Surprise_Billing_and_Additional_Provisions
surprise_billing_and_out_of_network_protections,Can I be balance-billed for services covered by surprise billing protections?,"Out-of-network protections and surprise billing rules depend on the setting of care and notice/consent requirements. Using SECTION_VI_Surprise_Billing_and_Additional_Provisions, share where you received care (ER, hospital, ambulatory center) and what the bill says, and I’ll outline the protections and dispute steps at a high level.","Ground answers in retrieved policy text; avoid plan-specific numbers unless explicitly present in the retrieved chunk; ask for employee class/plan name/dates when needed; if not supported, provide a safe redirect to HR/plan administrator.",SECTION_VI_Surprise_Billing_and_Additional_Provisions
health_plan_summaries_and_sbc_details,Where can I see a summary of each health plan’s key benefits?,"Summary of Benefits and Coverage (SBC) documents standardize what each plan covers and the cost-sharing examples. Per SECTION_VII_Health_Plans_Overview_and_SBC_Details&Glossary, tell me which plan(s) you’re comparing, and I’ll point you to the right SBC sections and summarize the decision-relevant differences.","Ground answers in retrieved policy text; avoid plan-specific numbers unless explicitly present in the retrieved chunk; ask for employee class/plan name/dates when needed; if not supported, provide a safe redirect to HR/plan administrator.",SECTION_VII_Health_Plans_Overview_and_SBC_Details&Glossary
health_plan_summaries_and_sbc_details,How do I read the Summary of Benefits and Coverage (SBC) for my plan?,"Summary of Benefits and Coverage (SBC) documents standardize what each plan covers and the cost-sharing examples. Per SECTION_VII_Health_Plans_Overview_and_SBC_Details&Glossary, tell me which plan(s) you’re comparing, and I’ll point you to the right SBC sections and summarize the decision-relevant differences.","Ground answers in retrieved policy text; avoid plan-specific numbers unless explicitly present in the retrieved chunk; ask for employee class/plan name/dates when needed; if not supported, provide a safe redirect to HR/plan administrator.",SECTION_VII_Health_Plans_Overview_and_SBC_Details&Glossary
health_plan_summaries_and_sbc_details,Which plan has the lowest out-of-pocket maximum overall?,"Summary of Benefits and Coverage (SBC) documents standardize what each plan covers and the cost-sharing examples. Per SECTION_VII_Health_Plans_Overview_and_SBC_Details&Glossary, tell me which plan(s) you’re comparing, and I’ll point you to the right SBC sections and summarize the decision-relevant differences.","Ground answers in retrieved policy text; avoid plan-specific numbers unless explicitly present in the retrieved chunk; ask for employee class/plan name/dates when needed; if not supported, provide a safe redirect to HR/plan administrator.",SECTION_VII_Health_Plans_Overview_and_SBC_Details&Glossary
health_plan_summaries_and_sbc_details,Which plans include out-of-network coverage in their SBC?,"Summary of Benefits and Coverage (SBC) documents standardize what each plan covers and the cost-sharing examples. Per SECTION_VII_Health_Plans_Overview_and_SBC_Details&Glossary, tell me which plan(s) you’re comparing, and I’ll point you to the right SBC sections and summarize the decision-relevant differences.","Ground answers in retrieved policy text; avoid plan-specific numbers unless explicitly present in the retrieved chunk; ask for employee class/plan name/dates when needed; if not supported, provide a safe redirect to HR/plan administrator.",SECTION_VII_Health_Plans_Overview_and_SBC_Details&Glossary
pica_program_and_senior_prescription_benefits,What is the PICA prescription drug program and what does it cover?,"Senior prescription programs and related benefits have eligibility rules and coverage parameters. Referencing SECTION_VIII_PICA_Prescription_and_senior_benefits, confirm age/retiree status and current plan, and I’ll outline the program scope and how to access the benefit.","Ground answers in retrieved policy text; avoid plan-specific numbers unless explicitly present in the retrieved chunk; ask for employee class/plan name/dates when needed; if not supported, provide a safe redirect to HR/plan administrator.",SECTION_VIII_PICA_Prescription_and_senior_benefits
pica_program_and_senior_prescription_benefits,Which medications are covered under PICA instead of my regular drug plan?,"Senior prescription programs and related benefits have eligibility rules and coverage parameters. Referencing SECTION_VIII_PICA_Prescription_and_senior_benefits, confirm age/retiree status and current plan, and I’ll outline the program scope and how to access the benefit.","Ground answers in retrieved policy text; avoid plan-specific numbers unless explicitly present in the retrieved chunk; ask for employee class/plan name/dates when needed; if not supported, provide a safe redirect to HR/plan administrator.",SECTION_VIII_PICA_Prescription_and_senior_benefits
pica_program_and_senior_prescription_benefits,How do prescription benefits change when I become Medicare-eligible?,"Senior prescription programs and related benefits have eligibility rules and coverage parameters. Referencing SECTION_VIII_PICA_Prescription_and_senior_benefits, confirm age/retiree status and current plan, and I’ll outline the program scope and how to access the benefit.","Ground answers in retrieved policy text; avoid plan-specific numbers unless explicitly present in the retrieved chunk; ask for employee class/plan name/dates when needed; if not supported, provide a safe redirect to HR/plan administrator.",SECTION_VIII_PICA_Prescription_and_senior_benefits
pica_program_and_senior_prescription_benefits,Do I need a separate prescription drug plan if I am enrolled in a City Medicare HMO?,"Senior prescription programs and related benefits have eligibility rules and coverage parameters. Referencing SECTION_VIII_PICA_Prescription_and_senior_benefits, confirm age/retiree status and current plan, and I’ll outline the program scope and how to access the benefit.","Ground answers in retrieved policy text; avoid plan-specific numbers unless explicitly present in the retrieved chunk; ask for employee class/plan name/dates when needed; if not supported, provide a safe redirect to HR/plan administrator.",SECTION_VIII_PICA_Prescription_and_senior_benefits
employee_assistance_and_wellness_programs,Does my employer offer an Employee Assistance Program (EAP)?,"EAP and wellness programs typically cover confidential counseling, referrals, and certain prevention services. Using SECTION_IX_EAP&blood_program, tell me what support you’re seeking (mental health counseling, work-life resources, wellness programs), and I’ll summarize what’s included and how to access it.","Ground answers in retrieved policy text; avoid plan-specific numbers unless explicitly present in the retrieved chunk; ask for employee class/plan name/dates when needed; if not supported, provide a safe redirect to HR/plan administrator.",SECTION_IX_EAP&blood_program
employee_assistance_and_wellness_programs,What types of counseling or support services are available through the EAP?,"EAP and wellness programs typically cover confidential counseling, referrals, and certain prevention services. Using SECTION_IX_EAP&blood_program, tell me what support you’re seeking (mental health counseling, work-life resources, wellness programs), and I’ll summarize what’s included and how to access it.","Ground answers in retrieved policy text; avoid plan-specific numbers unless explicitly present in the retrieved chunk; ask for employee class/plan name/dates when needed; if not supported, provide a safe redirect to HR/plan administrator.",SECTION_IX_EAP&blood_program
employee_assistance_and_wellness_programs,Is participation in wellness or blood donation programs tied to my health benefits?,"EAP and wellness programs typically cover confidential counseling, referrals, and certain prevention services. Using SECTION_IX_EAP&blood_program, tell me what support you’re seeking (mental health counseling, work-life resources, wellness programs), and I’ll summarize what’s included and how to access it.","Ground answers in retrieved policy text; avoid plan-specific numbers unless explicitly present in the retrieved chunk; ask for employee class/plan name/dates when needed; if not supported, provide a safe redirect to HR/plan administrator.",SECTION_IX_EAP&blood_program
employee_assistance_and_wellness_programs,Is the EAP confidential and does it cost anything to use?,"EAP and wellness programs typically cover confidential counseling, referrals, and certain prevention services. Using SECTION_IX_EAP&blood_program, tell me what support you’re seeking (mental health counseling, work-life resources, wellness programs), and I’ll summarize what’s included and how to access it.","Ground answers in retrieved policy text; avoid plan-specific numbers unless explicitly present in the retrieved chunk; ask for employee class/plan name/dates when needed; if not supported, provide a safe redirect to HR/plan administrator.",SECTION_IX_EAP&blood_program
